{"cameraMode":{"drawMode":0,"name":"Shaded","section":"Shading Mode"},"sceneLighting":true,"audioPlay":false,"sceneViewState":{"m_AlwaysRefresh":false,"showFog":true,"showSkybox":true,"showFlares":true,"showImageEffects":true,"showParticleSystems":true,"showVisualEffectGraphs":true,"m_FxEnabled":true},"in2DMode":false,"pivot":{"x":-1.1050840616226197,"y":0.8725529313087463,"z":-9.928312301635743},"rotation":{"x":0.029380489140748979,"y":-0.9133195281028748,"z":-0.06696414202451706,"w":-0.40064775943756106},"size":11.377334594726563,"orthographic":false}